{"tables":[{"id":17,"title":"User","currentX":507,"currentY":186,"rows":[{"id":18,"content":"password","primaryKey":false,"foreignKey":null,"type":"string","tableId":17},{"id":19,"content":"username","primaryKey":true,"foreignKey":null,"type":"string","tableId":17},{"id":27,"content":"role","primaryKey":false,"foreignKey":null,"type":"string","tableId":17},{"id":40,"content":"email","primaryKey":false,"foreignKey":null,"type":"string","tableId":17},{"id":41,"content":"phone_number","primaryKey":false,"foreignKey":null,"type":"integer","tableId":17}],"color":"#fa0000"},{"id":24,"title":"Business","currentX":639,"currentY":520,"rows":[{"id":35,"content":"address","primaryKey":false,"foreignKey":null,"type":"string","tableId":24},{"id":36,"content":"name","primaryKey":false,"foreignKey":null,"type":"string","tableId":24},{"id":37,"content":"type","primaryKey":false,"foreignKey":null,"type":"string","tableId":24},{"id":42,"content":"business_id","primaryKey":true,"foreignKey":null,"type":"string","tableId":24},{"id":43,"tableId":24,"content":"username","type":"string","primaryKey":true,"foreignKey":{"tableId":17,"rowId":19,"delete":"RESTRICT","update":"RESTRICT"}}],"color":"#0084ff"},{"id":28,"title":"Data Source","currentX":1495,"currentY":509,"rows":[{"id":32,"content":" type","primaryKey":false,"foreignKey":null,"type":"string","tableId":28},{"id":33,"content":"source_id","primaryKey":true,"foreignKey":null,"type":"string","tableId":28},{"id":44,"tableId":28,"content":"location","type":"string","primaryKey":true,"foreignKey":null}],"color":"#009980"},{"id":29,"title":"Has Access","currentX":1068,"currentY":343,"rows":[{"id":1,"tableId":29,"content":"source_id","type":"string","primaryKey":true,"foreignKey":{"tableId":28,"rowId":33,"delete":"RESTRICT","update":"RESTRICT"}},{"id":2,"tableId":29,"content":"business_id","type":"string","primaryKey":true,"foreignKey":{"tableId":24,"rowId":42,"delete":"RESTRICT","update":"RESTRICT"}}],"color":"#2da800"},{"id":30,"title":"Citizen","currentX":146,"currentY":537,"rows":[{"id":1,"tableId":30,"content":"name","type":"string","primaryKey":false,"foreignKey":null},{"id":2,"tableId":30,"content":"address","type":"string","primaryKey":false,"foreignKey":null},{"id":3,"tableId":30,"content":"username","type":"string","primaryKey":true,"foreignKey":{"tableId":17,"rowId":19,"delete":"RESTRICT","update":"RESTRICT"}}],"color":"#a700b3"}],"notes":[]}