{
    "\u039a\u03c5\u03c1\u03b9\u03b1\u03ba\u03ae": [
        0,
        0,
        0,
        0,
        0,
        0,
        0,
        0,
        17,
        41,
        75,
        96,
        100,
        78,
        60,
        39,
        0,
        0,
        0,
        0,
        0,
        0,
        0,
        0
    ],
    "\u0394\u03b5\u03c5\u03c4\u03ad\u03c1\u03b1": [
        0,
        0,
        0,
        0,
        0,
        0,
        0,
        0,
        23,
        32,
        46,
        54,
        56,
        52,
        43,
        33,
        0,
        0,
        0,
        0,
        0,
        0,
        0,
        0
    ],
    "\u03a4\u03b5\u03c4\u03ac\u03c1\u03c4\u03b7": [
        0,
        0,
        0,
        0,
        0,
        0,
        0,
        0,
        19,
        30,
        43,
        55,
        63,
        61,
        51,
        35,
        0,
        0,
        0,
        0,
        0,
        0,
        0,
        0
    ],
    "\u03a0\u03ad\u03bc\u03c0\u03c4\u03b7": [
        0,
        0,
        0,
        0,
        0,
        0,
        0,
        0,
        27,
        39,
        50,
        56,
        58,
        57,
        49,
        42,
        0,
        0,
        0,
        0,
        0,
        0,
        0,
        0
    ],
    "\u03a0\u03b1\u03c1\u03b1\u03c3\u03ba\u03b5\u03c5\u03ae": [
        0,
        0,
        0,
        0,
        0,
        0,
        0,
        0,
        31,
        44,
        55,
        66,
        72,
        70,
        58,
        40,
        0,
        0,
        0,
        0,
        0,
        0,
        0,
        0
    ],
    "\u03a3\u03ac\u03b2\u03b2\u03b1\u03c4\u03bf": [
        0,
        0,
        0,
        0,
        0,
        0,
        0,
        0,
        16,
        28,
        48,
        62,
        67,
        62,
        52,
        42,
        0,
        0,
        0,
        0,
        0,
        0,
        0,
        0
    ]
}