{
    "\u039a\u03c5\u03c1\u03b9\u03b1\u03ba\u03ae": [
        12,
        8,
        3,
        0,
        0,
        0,
        0,
        1,
        6,
        19,
        45,
        77,
        100,
        99,
        75,
        61,
        58,
        61,
        55,
        50,
        42,
        34,
        26,
        20
    ],
    "\u0394\u03b5\u03c5\u03c4\u03ad\u03c1\u03b1": [
        9,
        4,
        0,
        0,
        0,
        0,
        0,
        4,
        14,
        28,
        47,
        58,
        59,
        47,
        35,
        27,
        24,
        25,
        27,
        26,
        24,
        21,
        20,
        17
    ],
    "\u03a4\u03c1\u03af\u03c4\u03b7": [
        12,
        9,
        3,
        0,
        0,
        0,
        0,
        8,
        16,
        30,
        46,
        61,
        65,
        61,
        45,
        37,
        34,
        44,
        49,
        49,
        43,
        32,
        22,
        17
    ],
    "\u03a4\u03b5\u03c4\u03ac\u03c1\u03c4\u03b7": [
        16,
        11,
        5,
        0,
        0,
        0,
        0,
        9,
        17,
        28,
        41,
        51,
        53,
        44,
        28,
        23,
        23,
        31,
        37,
        40,
        37,
        32,
        26,
        20
    ],
    "\u03a0\u03ad\u03bc\u03c0\u03c4\u03b7": [
        10,
        5,
        4,
        0,
        0,
        0,
        0,
        5,
        14,
        24,
        42,
        55,
        58,
        47,
        35,
        30,
        35,
        43,
        50,
        51,
        46,
        37,
        26,
        18
    ],
    "\u03a0\u03b1\u03c1\u03b1\u03c3\u03ba\u03b5\u03c5\u03ae": [
        22,
        16,
        10,
        0,
        0,
        0,
        0,
        6,
        17,
        30,
        45,
        56,
        61,
        53,
        38,
        33,
        35,
        49,
        60,
        64,
        54,
        45,
        36,
        30
    ],
    "\u03a3\u03ac\u03b2\u03b2\u03b1\u03c4\u03bf": [
        50,
        32,
        18,
        0,
        0,
        0,
        0,
        3,
        10,
        24,
        44,
        67,
        82,
        78,
        61,
        44,
        35,
        34,
        44,
        60,
        76,
        81,
        80,
        70
    ]
}