{
    "\u039a\u03c5\u03c1\u03b9\u03b1\u03ba\u03ae": [
        21,
        15,
        0,
        0,
        0,
        0,
        0,
        14,
        25,
        38,
        52,
        62,
        68,
        65,
        68,
        66,
        73,
        68,
        65,
        54,
        42,
        38,
        36,
        32
    ],
    "\u0394\u03b5\u03c5\u03c4\u03ad\u03c1\u03b1": [
        16,
        11,
        0,
        0,
        0,
        0,
        0,
        12,
        33,
        42,
        53,
        48,
        47,
        49,
        47,
        47,
        48,
        43,
        38,
        42,
        41,
        38,
        31,
        23
    ],
    "\u03a4\u03c1\u03af\u03c4\u03b7": [
        37,
        25,
        0,
        0,
        0,
        0,
        0,
        17,
        30,
        40,
        42,
        40,
        38,
        40,
        40,
        48,
        49,
        40,
        39,
        40,
        40,
        41,
        44,
        49
    ],
    "\u03a4\u03b5\u03c4\u03ac\u03c1\u03c4\u03b7": [
        37,
        22,
        0,
        0,
        0,
        0,
        0,
        12,
        25,
        40,
        51,
        51,
        60,
        58,
        62,
        63,
        57,
        55,
        49,
        47,
        50,
        52,
        57,
        52
    ],
    "\u03a0\u03ad\u03bc\u03c0\u03c4\u03b7": [
        29,
        20,
        0,
        0,
        0,
        0,
        0,
        22,
        45,
        66,
        90,
        100,
        89,
        66,
        51,
        44,
        54,
        60,
        66,
        63,
        58,
        54,
        48,
        37
    ],
    "\u03a0\u03b1\u03c1\u03b1\u03c3\u03ba\u03b5\u03c5\u03ae": [
        49,
        33,
        0,
        0,
        0,
        0,
        0,
        19,
        30,
        38,
        44,
        53,
        51,
        48,
        49,
        50,
        51,
        40,
        34,
        43,
        50,
        63,
        60,
        62
    ],
    "\u03a3\u03ac\u03b2\u03b2\u03b1\u03c4\u03bf": [
        46,
        34,
        0,
        0,
        0,
        0,
        0,
        16,
        26,
        29,
        35,
        41,
        46,
        48,
        48,
        51,
        48,
        39,
        32,
        28,
        32,
        41,
        45,
        51
    ]
}