{
    "\u039a\u03c5\u03c1\u03b9\u03b1\u03ba\u03ae": [
        0,
        0,
        0,
        0,
        0,
        0,
        0,
        4,
        4,
        8,
        20,
        37,
        47,
        53,
        37,
        40,
        38,
        50,
        51,
        37,
        25,
        0,
        0,
        0
    ],
    "\u0394\u03b5\u03c5\u03c4\u03ad\u03c1\u03b1": [
        0,
        0,
        0,
        0,
        0,
        0,
        0,
        9,
        18,
        27,
        34,
        43,
        44,
        40,
        31,
        16,
        16,
        15,
        29,
        29,
        32,
        0,
        0,
        0
    ],
    "\u03a4\u03c1\u03af\u03c4\u03b7": [
        0,
        0,
        0,
        0,
        0,
        0,
        0,
        33,
        44,
        45,
        41,
        27,
        27,
        19,
        22,
        25,
        36,
        36,
        34,
        16,
        10,
        0,
        0,
        0
    ],
    "\u03a4\u03b5\u03c4\u03ac\u03c1\u03c4\u03b7": [
        0,
        0,
        0,
        0,
        0,
        0,
        0,
        22,
        24,
        24,
        20,
        27,
        25,
        26,
        19,
        19,
        19,
        25,
        20,
        20,
        18,
        0,
        0,
        0
    ],
    "\u03a0\u03ad\u03bc\u03c0\u03c4\u03b7": [
        0,
        0,
        0,
        0,
        0,
        0,
        0,
        16,
        31,
        39,
        40,
        41,
        45,
        48,
        47,
        44,
        45,
        50,
        47,
        37,
        31,
        0,
        0,
        0
    ],
    "\u03a0\u03b1\u03c1\u03b1\u03c3\u03ba\u03b5\u03c5\u03ae": [
        0,
        0,
        0,
        0,
        0,
        0,
        0,
        30,
        37,
        40,
        46,
        51,
        48,
        37,
        32,
        34,
        38,
        40,
        36,
        26,
        20,
        0,
        0,
        0
    ],
    "\u03a3\u03ac\u03b2\u03b2\u03b1\u03c4\u03bf": [
        0,
        0,
        0,
        0,
        0,
        0,
        0,
        2,
        11,
        23,
        44,
        58,
        73,
        86,
        95,
        100,
        72,
        50,
        31,
        29,
        27,
        0,
        0,
        0
    ]
}