{
    "\u0394\u03b5\u03c5\u03c4\u03ad\u03c1\u03b1": [
        0,
        0,
        0,
        0,
        0,
        0,
        0,
        22,
        46,
        65,
        80,
        88,
        89,
        78,
        59,
        49,
        45,
        48,
        50,
        47,
        34,
        0,
        0,
        0
    ],
    "\u03a4\u03c1\u03af\u03c4\u03b7": [
        0,
        0,
        0,
        0,
        0,
        0,
        0,
        21,
        42,
        63,
        79,
        93,
        96,
        84,
        63,
        50,
        44,
        46,
        52,
        50,
        34,
        0,
        0,
        0
    ],
    "\u03a4\u03b5\u03c4\u03ac\u03c1\u03c4\u03b7": [
        0,
        0,
        0,
        0,
        0,
        0,
        0,
        25,
        43,
        53,
        57,
        60,
        57,
        53,
        46,
        44,
        44,
        49,
        48,
        40,
        26,
        0,
        0,
        0
    ],
    "\u03a0\u03ad\u03bc\u03c0\u03c4\u03b7": [
        0,
        0,
        0,
        0,
        0,
        0,
        0,
        22,
        41,
        58,
        76,
        83,
        80,
        65,
        50,
        44,
        47,
        54,
        57,
        47,
        30,
        0,
        0,
        0
    ],
    "\u03a0\u03b1\u03c1\u03b1\u03c3\u03ba\u03b5\u03c5\u03ae": [
        0,
        0,
        0,
        0,
        0,
        0,
        0,
        18,
        39,
        64,
        86,
        100,
        95,
        83,
        66,
        57,
        55,
        58,
        61,
        55,
        39,
        0,
        0,
        0
    ]
}