{
    "\u039a\u03c5\u03c1\u03b9\u03b1\u03ba\u03ae": [
        0,
        0,
        0,
        0,
        0,
        0,
        0,
        3,
        10,
        26,
        53,
        82,
        100,
        93,
        74,
        64,
        67,
        71,
        68,
        52,
        36,
        23,
        17,
        12
    ],
    "\u0394\u03b5\u03c5\u03c4\u03ad\u03c1\u03b1": [
        0,
        0,
        0,
        0,
        0,
        0,
        0,
        3,
        8,
        14,
        27,
        37,
        36,
        27,
        19,
        15,
        14,
        19,
        19,
        23,
        20,
        15,
        9,
        5
    ],
    "\u03a4\u03c1\u03af\u03c4\u03b7": [
        0,
        0,
        0,
        0,
        0,
        0,
        0,
        2,
        6,
        15,
        24,
        29,
        28,
        25,
        21,
        17,
        16,
        19,
        20,
        23,
        23,
        23,
        22,
        18
    ],
    "\u03a4\u03b5\u03c4\u03ac\u03c1\u03c4\u03b7": [
        0,
        0,
        0,
        0,
        0,
        0,
        0,
        4,
        10,
        17,
        26,
        35,
        36,
        30,
        23,
        20,
        26,
        32,
        35,
        34,
        28,
        19,
        12,
        5
    ],
    "\u03a0\u03ad\u03bc\u03c0\u03c4\u03b7": [
        0,
        0,
        0,
        0,
        0,
        0,
        0,
        4,
        7,
        15,
        26,
        34,
        34,
        29,
        21,
        22,
        23,
        28,
        27,
        27,
        21,
        17,
        9,
        5
    ],
    "\u03a0\u03b1\u03c1\u03b1\u03c3\u03ba\u03b5\u03c5\u03ae": [
        0,
        0,
        0,
        0,
        0,
        0,
        0,
        8,
        10,
        13,
        20,
        29,
        32,
        28,
        24,
        20,
        18,
        25,
        24,
        26,
        21,
        17,
        12,
        8
    ],
    "\u03a3\u03ac\u03b2\u03b2\u03b1\u03c4\u03bf": [
        58,
        43,
        26,
        0,
        0,
        0,
        0,
        6,
        12,
        21,
        37,
        44,
        47,
        40,
        35,
        28,
        32,
        37,
        36,
        31,
        30,
        42,
        61,
        69
    ]
}