{
    "\u039a\u03c5\u03c1\u03b9\u03b1\u03ba\u03ae": [
        0,
        0,
        0,
        0,
        0,
        0,
        0,
        8,
        11,
        4,
        0,
        0,
        3,
        9,
        11,
        17,
        0,
        0,
        0,
        4,
        2,
        0,
        0,
        0
    ],
    "\u0394\u03b5\u03c5\u03c4\u03ad\u03c1\u03b1": [
        0,
        0,
        0,
        0,
        0,
        0,
        0,
        11,
        10,
        6,
        0,
        0,
        45,
        66,
        73,
        52,
        0,
        0,
        0,
        31,
        27,
        0,
        0,
        0
    ],
    "\u03a4\u03c1\u03af\u03c4\u03b7": [
        0,
        0,
        0,
        0,
        0,
        0,
        0,
        8,
        18,
        18,
        0,
        51,
        77,
        90,
        100,
        82,
        0,
        0,
        0,
        9,
        5,
        0,
        0,
        0
    ],
    "\u03a4\u03b5\u03c4\u03ac\u03c1\u03c4\u03b7": [
        0,
        0,
        0,
        0,
        0,
        0,
        0,
        7,
        7,
        9,
        0,
        0,
        39,
        63,
        55,
        37,
        0,
        0,
        0,
        21,
        12,
        0,
        0,
        0
    ],
    "\u03a0\u03ad\u03bc\u03c0\u03c4\u03b7": [
        0,
        0,
        0,
        0,
        0,
        0,
        0,
        12,
        20,
        23,
        0,
        34,
        53,
        75,
        87,
        71,
        0,
        0,
        0,
        2,
        1,
        0,
        0,
        0
    ],
    "\u03a0\u03b1\u03c1\u03b1\u03c3\u03ba\u03b5\u03c5\u03ae": [
        0,
        0,
        0,
        0,
        0,
        0,
        0,
        11,
        19,
        17,
        0,
        0,
        39,
        66,
        75,
        59,
        0,
        0,
        0,
        10,
        10,
        0,
        0,
        0
    ],
    "\u03a3\u03ac\u03b2\u03b2\u03b1\u03c4\u03bf": [
        0,
        0,
        0,
        0,
        0,
        0,
        0,
        4,
        7,
        3,
        0,
        0,
        3,
        11,
        26,
        29,
        0,
        0,
        0,
        14,
        10,
        0,
        0,
        0
    ]
}