{
    "\u039a\u03c5\u03c1\u03b9\u03b1\u03ba\u03ae": [
        0,
        0,
        0,
        0,
        0,
        0,
        0,
        20,
        34,
        69,
        79,
        88,
        65,
        41,
        34,
        37,
        34,
        32,
        27,
        41,
        34,
        0,
        0,
        0
    ],
    "\u0394\u03b5\u03c5\u03c4\u03ad\u03c1\u03b1": [
        0,
        0,
        0,
        0,
        0,
        0,
        11,
        32,
        60,
        51,
        27,
        25,
        30,
        39,
        37,
        23,
        25,
        37,
        58,
        58,
        30,
        0,
        0,
        0
    ],
    "\u03a4\u03c1\u03af\u03c4\u03b7": [
        0,
        0,
        0,
        0,
        0,
        0,
        18,
        39,
        86,
        74,
        67,
        65,
        48,
        46,
        32,
        25,
        32,
        41,
        53,
        39,
        23,
        0,
        0,
        0
    ],
    "\u03a4\u03b5\u03c4\u03ac\u03c1\u03c4\u03b7": [
        0,
        0,
        0,
        0,
        0,
        0,
        25,
        41,
        74,
        81,
        76,
        90,
        81,
        74,
        41,
        23,
        27,
        41,
        41,
        37,
        18,
        0,
        0,
        0
    ],
    "\u03a0\u03ad\u03bc\u03c0\u03c4\u03b7": [
        0,
        0,
        0,
        0,
        0,
        0,
        34,
        62,
        100,
        93,
        83,
        79,
        65,
        60,
        25,
        20,
        25,
        44,
        62,
        62,
        46,
        0,
        0,
        0
    ],
    "\u03a0\u03b1\u03c1\u03b1\u03c3\u03ba\u03b5\u03c5\u03ae": [
        0,
        0,
        0,
        0,
        0,
        0,
        0,
        0,
        0,
        81,
        74,
        60,
        58,
        48,
        30,
        18,
        18,
        34,
        34,
        37,
        25,
        16,
        6,
        4
    ],
    "\u03a3\u03ac\u03b2\u03b2\u03b1\u03c4\u03bf": [
        2,
        2,
        6,
        11,
        2,
        4,
        13,
        18,
        41,
        72,
        79,
        74,
        60,
        55,
        69,
        65,
        69,
        62,
        62,
        48,
        41,
        0,
        0,
        0
    ]
}