{
    "\u0394\u03b5\u03c5\u03c4\u03ad\u03c1\u03b1": [
        0,
        0,
        0,
        0,
        0,
        0,
        0,
        0,
        0,
        27,
        43,
        57,
        66,
        67,
        64,
        63,
        66,
        74,
        80,
        74,
        55,
        0,
        0,
        0
    ],
    "\u03a4\u03c1\u03af\u03c4\u03b7": [
        0,
        0,
        0,
        0,
        0,
        0,
        0,
        0,
        0,
        29,
        48,
        64,
        74,
        75,
        71,
        67,
        67,
        72,
        75,
        67,
        48,
        0,
        0,
        0
    ],
    "\u03a4\u03b5\u03c4\u03ac\u03c1\u03c4\u03b7": [
        0,
        0,
        0,
        0,
        0,
        0,
        0,
        0,
        0,
        21,
        33,
        45,
        50,
        51,
        50,
        50,
        54,
        62,
        67,
        62,
        44,
        0,
        0,
        0
    ],
    "\u03a0\u03ad\u03bc\u03c0\u03c4\u03b7": [
        0,
        0,
        0,
        0,
        0,
        0,
        0,
        0,
        0,
        24,
        37,
        49,
        56,
        57,
        55,
        52,
        53,
        59,
        65,
        61,
        45,
        0,
        0,
        0
    ],
    "\u03a0\u03b1\u03c1\u03b1\u03c3\u03ba\u03b5\u03c5\u03ae": [
        0,
        0,
        0,
        0,
        0,
        0,
        0,
        0,
        0,
        29,
        46,
        60,
        68,
        71,
        69,
        67,
        69,
        77,
        83,
        79,
        59,
        0,
        0,
        0
    ],
    "\u03a3\u03ac\u03b2\u03b2\u03b1\u03c4\u03bf": [
        0,
        0,
        0,
        0,
        0,
        0,
        0,
        0,
        0,
        36,
        61,
        84,
        97,
        100,
        94,
        88,
        86,
        88,
        82,
        64,
        0,
        0,
        0,
        0
    ]
}