{
    "\u0394\u03b5\u03c5\u03c4\u03ad\u03c1\u03b1": [
        0,
        0,
        0,
        0,
        0,
        0,
        0,
        0,
        16,
        40,
        45,
        64,
        64,
        48,
        0,
        0,
        0,
        0,
        10,
        2,
        0,
        0,
        0,
        0
    ],
    "\u03a4\u03c1\u03af\u03c4\u03b7": [
        0,
        0,
        0,
        0,
        0,
        0,
        0,
        0,
        54,
        64,
        62,
        78,
        78,
        75,
        0,
        0,
        0,
        56,
        72,
        70,
        64,
        0,
        0,
        0
    ],
    "\u03a4\u03b5\u03c4\u03ac\u03c1\u03c4\u03b7": [
        0,
        0,
        0,
        0,
        0,
        0,
        0,
        0,
        35,
        35,
        37,
        45,
        51,
        56,
        48,
        35,
        0,
        0,
        0,
        0,
        0,
        0,
        0,
        0
    ],
    "\u03a0\u03ad\u03bc\u03c0\u03c4\u03b7": [
        0,
        0,
        0,
        0,
        0,
        0,
        0,
        0,
        45,
        45,
        40,
        45,
        35,
        35,
        0,
        0,
        0,
        45,
        70,
        72,
        67,
        0,
        0,
        0
    ],
    "\u03a0\u03b1\u03c1\u03b1\u03c3\u03ba\u03b5\u03c5\u03ae": [
        0,
        0,
        0,
        0,
        0,
        0,
        0,
        0,
        35,
        43,
        54,
        86,
        100,
        83,
        0,
        0,
        0,
        56,
        86,
        78,
        83,
        0,
        0,
        0
    ],
    "\u03a3\u03ac\u03b2\u03b2\u03b1\u03c4\u03bf": [
        0,
        0,
        0,
        0,
        0,
        0,
        0,
        0,
        29,
        43,
        62,
        78,
        91,
        83,
        72,
        45,
        0,
        0,
        0,
        0,
        0,
        0,
        0,
        0
    ]
}