{
    "\u039a\u03c5\u03c1\u03b9\u03b1\u03ba\u03ae": [
        0,
        0,
        0,
        0,
        0,
        0,
        0,
        0,
        4,
        17,
        50,
        85,
        100,
        81,
        50,
        28,
        25,
        25,
        26,
        23,
        22,
        16,
        8,
        3
    ],
    "\u0394\u03b5\u03c5\u03c4\u03ad\u03c1\u03b1": [
        0,
        0,
        0,
        0,
        0,
        0,
        0,
        0,
        4,
        10,
        14,
        21,
        19,
        15,
        11,
        15,
        15,
        14,
        13,
        13,
        11,
        6,
        5,
        5
    ],
    "\u03a4\u03c1\u03af\u03c4\u03b7": [
        0,
        0,
        0,
        0,
        0,
        0,
        0,
        0,
        0,
        0,
        2,
        7,
        13,
        12,
        12,
        11,
        12,
        10,
        5,
        6,
        6,
        5,
        4,
        1
    ],
    "\u03a4\u03b5\u03c4\u03ac\u03c1\u03c4\u03b7": [
        0,
        0,
        0,
        0,
        0,
        0,
        0,
        0,
        0,
        0,
        4,
        9,
        18,
        18,
        14,
        11,
        12,
        17,
        25,
        39,
        41,
        28,
        15,
        10
    ],
    "\u03a0\u03ad\u03bc\u03c0\u03c4\u03b7": [
        0,
        0,
        0,
        0,
        0,
        0,
        0,
        0,
        2,
        7,
        12,
        24,
        33,
        35,
        25,
        20,
        15,
        18,
        17,
        18,
        18,
        13,
        7,
        5
    ],
    "\u03a0\u03b1\u03c1\u03b1\u03c3\u03ba\u03b5\u03c5\u03ae": [
        0,
        0,
        0,
        0,
        0,
        0,
        0,
        0,
        0,
        0,
        3,
        7,
        14,
        9,
        8,
        5,
        10,
        13,
        20,
        23,
        23,
        22,
        17,
        10
    ],
    "\u03a3\u03ac\u03b2\u03b2\u03b1\u03c4\u03bf": [
        0,
        0,
        0,
        0,
        0,
        0,
        0,
        0,
        5,
        8,
        14,
        24,
        33,
        32,
        23,
        15,
        13,
        14,
        15,
        17,
        13,
        12,
        10,
        9
    ]
}