{
    "\u0394\u03b5\u03c5\u03c4\u03ad\u03c1\u03b1": [
        0,
        0,
        0,
        0,
        0,
        0,
        0,
        41,
        43,
        25,
        27,
        50,
        83,
        95,
        97,
        60,
        50,
        35,
        22,
        0,
        0,
        0,
        0,
        0
    ],
    "\u03a4\u03c1\u03af\u03c4\u03b7": [
        0,
        0,
        0,
        0,
        0,
        0,
        0,
        22,
        22,
        35,
        54,
        89,
        97,
        100,
        70,
        50,
        27,
        37,
        45,
        0,
        0,
        0,
        0,
        0
    ],
    "\u03a4\u03b5\u03c4\u03ac\u03c1\u03c4\u03b7": [
        0,
        0,
        0,
        0,
        0,
        0,
        0,
        16,
        29,
        33,
        25,
        39,
        58,
        79,
        81,
        56,
        31,
        22,
        12,
        0,
        0,
        0,
        0,
        0
    ],
    "\u03a0\u03ad\u03bc\u03c0\u03c4\u03b7": [
        0,
        0,
        0,
        0,
        0,
        0,
        0,
        22,
        14,
        22,
        25,
        54,
        62,
        77,
        77,
        62,
        47,
        31,
        43,
        0,
        0,
        0,
        0,
        0
    ],
    "\u03a0\u03b1\u03c1\u03b1\u03c3\u03ba\u03b5\u03c5\u03ae": [
        0,
        0,
        0,
        0,
        0,
        0,
        0,
        6,
        6,
        12,
        37,
        33,
        43,
        20,
        16,
        6,
        4,
        10,
        20,
        0,
        0,
        0,
        0,
        0
    ]
}