{
    "\u0394\u03b5\u03c5\u03c4\u03ad\u03c1\u03b1": [
        0,
        0,
        0,
        0,
        0,
        0,
        0,
        0,
        0,
        45,
        65,
        80,
        85,
        79,
        69,
        60,
        56,
        58,
        62,
        58,
        44,
        0,
        0,
        0
    ],
    "\u03a4\u03c1\u03af\u03c4\u03b7": [
        0,
        0,
        0,
        0,
        0,
        0,
        0,
        0,
        0,
        46,
        68,
        86,
        93,
        88,
        76,
        67,
        68,
        83,
        95,
        89,
        63,
        0,
        0,
        0
    ],
    "\u03a4\u03b5\u03c4\u03ac\u03c1\u03c4\u03b7": [
        0,
        0,
        0,
        0,
        0,
        0,
        0,
        0,
        0,
        38,
        55,
        66,
        68,
        60,
        49,
        40,
        37,
        39,
        42,
        41,
        33,
        0,
        0,
        0
    ],
    "\u03a0\u03ad\u03bc\u03c0\u03c4\u03b7": [
        0,
        0,
        0,
        0,
        0,
        0,
        0,
        0,
        0,
        44,
        63,
        72,
        71,
        59,
        47,
        41,
        45,
        62,
        79,
        82,
        64,
        0,
        0,
        0
    ],
    "\u03a0\u03b1\u03c1\u03b1\u03c3\u03ba\u03b5\u03c5\u03ae": [
        0,
        0,
        0,
        0,
        0,
        0,
        0,
        0,
        0,
        46,
        71,
        91,
        98,
        89,
        72,
        61,
        62,
        77,
        94,
        98,
        80,
        0,
        0,
        0
    ],
    "\u03a3\u03ac\u03b2\u03b2\u03b1\u03c4\u03bf": [
        0,
        0,
        0,
        0,
        0,
        0,
        0,
        0,
        0,
        28,
        51,
        79,
        98,
        100,
        82,
        61,
        48,
        41,
        37,
        30,
        0,
        0,
        0,
        0
    ]
}