{
    "\u039a\u03c5\u03c1\u03b9\u03b1\u03ba\u03ae": [
        18,
        11,
        7,
        0,
        0,
        0,
        0,
        0,
        0,
        0,
        0,
        0,
        20,
        30,
        34,
        34,
        31,
        28,
        24,
        20,
        20,
        24,
        27,
        26
    ],
    "\u0394\u03b5\u03c5\u03c4\u03ad\u03c1\u03b1": [
        18,
        10,
        3,
        0,
        0,
        0,
        0,
        0,
        0,
        0,
        0,
        0,
        31,
        36,
        37,
        29,
        29,
        27,
        29,
        26,
        24,
        25,
        27,
        24
    ],
    "\u03a4\u03c1\u03af\u03c4\u03b7": [
        15,
        7,
        2,
        0,
        0,
        0,
        0,
        0,
        0,
        0,
        0,
        0,
        28,
        39,
        43,
        37,
        33,
        33,
        37,
        36,
        35,
        30,
        28,
        22
    ],
    "\u03a4\u03b5\u03c4\u03ac\u03c1\u03c4\u03b7": [
        20,
        12,
        6,
        0,
        0,
        0,
        0,
        0,
        0,
        0,
        0,
        0,
        22,
        29,
        32,
        29,
        25,
        24,
        24,
        24,
        25,
        28,
        31,
        27
    ],
    "\u03a0\u03ad\u03bc\u03c0\u03c4\u03b7": [
        22,
        14,
        6,
        0,
        0,
        0,
        0,
        0,
        0,
        0,
        0,
        0,
        26,
        35,
        36,
        32,
        29,
        29,
        33,
        35,
        34,
        32,
        32,
        29
    ],
    "\u03a0\u03b1\u03c1\u03b1\u03c3\u03ba\u03b5\u03c5\u03ae": [
        33,
        23,
        12,
        0,
        0,
        0,
        0,
        0,
        0,
        0,
        0,
        0,
        27,
        37,
        39,
        37,
        32,
        30,
        33,
        37,
        40,
        44,
        47,
        44
    ],
    "\u03a3\u03ac\u03b2\u03b2\u03b1\u03c4\u03bf": [
        77,
        51,
        26,
        0,
        0,
        0,
        0,
        0,
        0,
        0,
        0,
        0,
        62,
        71,
        62,
        46,
        34,
        25,
        22,
        24,
        40,
        68,
        92,
        100
    ]
}