{
    "\u0394\u03b5\u03c5\u03c4\u03ad\u03c1\u03b1": [
        0,
        0,
        0,
        0,
        0,
        0,
        0,
        0,
        25,
        39,
        56,
        66,
        74,
        77,
        75,
        72,
        69,
        71,
        77,
        76,
        59,
        0,
        0,
        0
    ],
    "\u03a4\u03c1\u03af\u03c4\u03b7": [
        0,
        0,
        0,
        0,
        0,
        0,
        0,
        0,
        30,
        47,
        60,
        72,
        79,
        84,
        81,
        77,
        72,
        72,
        76,
        72,
        57,
        0,
        0,
        0
    ],
    "\u03a4\u03b5\u03c4\u03ac\u03c1\u03c4\u03b7": [
        0,
        0,
        0,
        0,
        0,
        0,
        0,
        0,
        24,
        33,
        44,
        54,
        64,
        67,
        64,
        58,
        53,
        58,
        63,
        60,
        47,
        0,
        0,
        0
    ],
    "\u03a0\u03ad\u03bc\u03c0\u03c4\u03b7": [
        0,
        0,
        0,
        0,
        0,
        0,
        0,
        0,
        23,
        35,
        46,
        54,
        60,
        64,
        62,
        57,
        54,
        58,
        64,
        65,
        53,
        0,
        0,
        0
    ],
    "\u03a0\u03b1\u03c1\u03b1\u03c3\u03ba\u03b5\u03c5\u03ae": [
        0,
        0,
        0,
        0,
        0,
        0,
        0,
        0,
        28,
        42,
        56,
        67,
        75,
        80,
        81,
        78,
        73,
        75,
        80,
        80,
        67,
        0,
        0,
        0
    ],
    "\u03a3\u03ac\u03b2\u03b2\u03b1\u03c4\u03bf": [
        0,
        0,
        0,
        0,
        0,
        0,
        0,
        0,
        23,
        40,
        57,
        77,
        91,
        100,
        99,
        94,
        87,
        85,
        79,
        67,
        0,
        0,
        0,
        0
    ]
}