{
    "\u0394\u03b5\u03c5\u03c4\u03ad\u03c1\u03b1": [
        0,
        0,
        0,
        0,
        0,
        0,
        0,
        0,
        34,
        47,
        57,
        68,
        74,
        75,
        71,
        64,
        66,
        67,
        72,
        64,
        49,
        0,
        0,
        0
    ],
    "\u03a4\u03c1\u03af\u03c4\u03b7": [
        0,
        0,
        0,
        0,
        0,
        0,
        0,
        0,
        29,
        45,
        62,
        79,
        85,
        92,
        88,
        84,
        79,
        80,
        83,
        79,
        61,
        0,
        0,
        0
    ],
    "\u03a4\u03b5\u03c4\u03ac\u03c1\u03c4\u03b7": [
        0,
        0,
        0,
        0,
        0,
        0,
        0,
        0,
        22,
        31,
        47,
        57,
        67,
        66,
        68,
        63,
        62,
        62,
        75,
        67,
        53,
        0,
        0,
        0
    ],
    "\u03a0\u03ad\u03bc\u03c0\u03c4\u03b7": [
        0,
        0,
        0,
        0,
        0,
        0,
        0,
        0,
        27,
        38,
        52,
        62,
        73,
        78,
        72,
        59,
        52,
        55,
        68,
        68,
        62,
        0,
        0,
        0
    ],
    "\u03a0\u03b1\u03c1\u03b1\u03c3\u03ba\u03b5\u03c5\u03ae": [
        0,
        0,
        0,
        0,
        0,
        0,
        0,
        0,
        30,
        43,
        59,
        74,
        84,
        85,
        75,
        66,
        64,
        71,
        80,
        77,
        61,
        0,
        0,
        0
    ],
    "\u03a3\u03ac\u03b2\u03b2\u03b1\u03c4\u03bf": [
        0,
        0,
        0,
        0,
        0,
        0,
        0,
        0,
        23,
        42,
        64,
        82,
        97,
        100,
        98,
        89,
        86,
        88,
        82,
        63,
        0,
        0,
        0,
        0
    ]
}