{
    "\u0394\u03b5\u03c5\u03c4\u03ad\u03c1\u03b1": [
        0,
        0,
        0,
        0,
        0,
        0,
        0,
        0,
        11,
        21,
        20,
        18,
        12,
        16,
        29,
        48,
        68,
        83,
        93,
        90,
        75,
        49,
        29,
        0
    ],
    "\u03a4\u03c1\u03af\u03c4\u03b7": [
        0,
        0,
        0,
        0,
        0,
        0,
        0,
        0,
        5,
        10,
        10,
        7,
        7,
        14,
        18,
        33,
        48,
        62,
        62,
        56,
        48,
        45,
        35,
        0
    ],
    "\u03a4\u03b5\u03c4\u03ac\u03c1\u03c4\u03b7": [
        0,
        0,
        0,
        0,
        0,
        0,
        0,
        0,
        12,
        17,
        18,
        23,
        23,
        30,
        32,
        43,
        62,
        86,
        100,
        92,
        72,
        49,
        31,
        0
    ],
    "\u03a0\u03ad\u03bc\u03c0\u03c4\u03b7": [
        0,
        0,
        0,
        0,
        0,
        0,
        0,
        0,
        14,
        12,
        11,
        16,
        18,
        16,
        18,
        30,
        49,
        68,
        84,
        89,
        69,
        42,
        21,
        0
    ],
    "\u03a0\u03b1\u03c1\u03b1\u03c3\u03ba\u03b5\u03c5\u03ae": [
        0,
        0,
        0,
        0,
        0,
        0,
        0,
        0,
        8,
        16,
        20,
        26,
        27,
        27,
        24,
        31,
        43,
        64,
        81,
        82,
        67,
        44,
        27,
        0
    ],
    "\u03a3\u03ac\u03b2\u03b2\u03b1\u03c4\u03bf": [
        0,
        0,
        0,
        0,
        0,
        0,
        0,
        0,
        0,
        39,
        51,
        62,
        55,
        44,
        30,
        28,
        24,
        26,
        22,
        20,
        18,
        0,
        0,
        0
    ]
}