{
    "\u0394\u03b5\u03c5\u03c4\u03ad\u03c1\u03b1": [
        0,
        0,
        0,
        0,
        0,
        0,
        0,
        0,
        20,
        42,
        54,
        67,
        63,
        59,
        36,
        19,
        12,
        6,
        4,
        0,
        0,
        0,
        0,
        0
    ],
    "\u03a4\u03c1\u03af\u03c4\u03b7": [
        0,
        0,
        0,
        0,
        0,
        0,
        0,
        0,
        19,
        34,
        62,
        77,
        91,
        81,
        79,
        62,
        49,
        40,
        29,
        0,
        0,
        0,
        0,
        0
    ],
    "\u03a4\u03b5\u03c4\u03ac\u03c1\u03c4\u03b7": [
        0,
        0,
        0,
        0,
        0,
        0,
        0,
        0,
        18,
        28,
        43,
        56,
        77,
        90,
        100,
        83,
        58,
        37,
        24,
        0,
        0,
        0,
        0,
        0
    ],
    "\u03a0\u03ad\u03bc\u03c0\u03c4\u03b7": [
        0,
        0,
        0,
        0,
        0,
        0,
        0,
        0,
        48,
        71,
        82,
        90,
        82,
        90,
        75,
        52,
        29,
        21,
        20,
        0,
        0,
        0,
        0,
        0
    ],
    "\u03a0\u03b1\u03c1\u03b1\u03c3\u03ba\u03b5\u03c5\u03ae": [
        0,
        0,
        0,
        0,
        0,
        0,
        0,
        0,
        31,
        50,
        59,
        63,
        63,
        68,
        68,
        59,
        43,
        27,
        19,
        0,
        0,
        0,
        0,
        0
    ]
}