{
    "\u0394\u03b5\u03c5\u03c4\u03ad\u03c1\u03b1": [
        0,
        0,
        0,
        0,
        0,
        0,
        0,
        0,
        0,
        20,
        33,
        43,
        50,
        50,
        44,
        40,
        40,
        42,
        49,
        45,
        32,
        0,
        0,
        0
    ],
    "\u03a4\u03c1\u03af\u03c4\u03b7": [
        0,
        0,
        0,
        0,
        0,
        0,
        0,
        0,
        0,
        24,
        37,
        47,
        50,
        57,
        55,
        58,
        64,
        75,
        77,
        64,
        45,
        0,
        0,
        0
    ],
    "\u03a4\u03b5\u03c4\u03ac\u03c1\u03c4\u03b7": [
        0,
        0,
        0,
        0,
        0,
        0,
        0,
        0,
        0,
        9,
        22,
        35,
        36,
        37,
        35,
        36,
        33,
        35,
        37,
        37,
        32,
        0,
        0,
        0
    ],
    "\u03a0\u03ad\u03bc\u03c0\u03c4\u03b7": [
        0,
        0,
        0,
        0,
        0,
        0,
        0,
        0,
        0,
        19,
        32,
        38,
        42,
        41,
        32,
        27,
        28,
        38,
        54,
        54,
        40,
        0,
        0,
        0
    ],
    "\u03a0\u03b1\u03c1\u03b1\u03c3\u03ba\u03b5\u03c5\u03ae": [
        0,
        0,
        0,
        0,
        0,
        0,
        0,
        0,
        0,
        26,
        42,
        57,
        67,
        59,
        52,
        54,
        70,
        94,
        100,
        89,
        64,
        0,
        0,
        0
    ],
    "\u03a3\u03ac\u03b2\u03b2\u03b1\u03c4\u03bf": [
        0,
        0,
        0,
        0,
        0,
        0,
        0,
        0,
        0,
        29,
        49,
        61,
        75,
        74,
        67,
        68,
        70,
        75,
        54,
        30,
        0,
        0,
        0,
        0
    ]
}