{
    "\u039a\u03c5\u03c1\u03b9\u03b1\u03ba\u03ae": [
        13,
        12,
        9,
        15,
        21,
        29,
        31,
        40,
        58,
        80,
        96,
        100,
        90,
        73,
        57,
        48,
        49,
        51,
        50,
        46,
        39,
        30,
        21,
        17
    ],
    "\u0394\u03b5\u03c5\u03c4\u03ad\u03c1\u03b1": [
        15,
        10,
        7,
        10,
        22,
        36,
        46,
        58,
        69,
        70,
        70,
        67,
        63,
        51,
        45,
        37,
        34,
        34,
        41,
        43,
        38,
        30,
        25,
        20
    ],
    "\u03a4\u03c1\u03af\u03c4\u03b7": [
        13,
        9,
        6,
        6,
        8,
        14,
        26,
        44,
        61,
        65,
        66,
        64,
        59,
        54,
        49,
        49,
        49,
        48,
        46,
        41,
        32,
        24,
        19,
        17
    ],
    "\u03a4\u03b5\u03c4\u03ac\u03c1\u03c4\u03b7": [
        14,
        11,
        9,
        11,
        12,
        15,
        24,
        36,
        57,
        63,
        69,
        66,
        63,
        52,
        45,
        39,
        38,
        36,
        38,
        35,
        31,
        25,
        22,
        17
    ],
    "\u03a0\u03ad\u03bc\u03c0\u03c4\u03b7": [
        14,
        8,
        6,
        10,
        15,
        28,
        38,
        55,
        71,
        77,
        76,
        72,
        69,
        60,
        50,
        46,
        44,
        42,
        39,
        41,
        40,
        37,
        31,
        23
    ],
    "\u03a0\u03b1\u03c1\u03b1\u03c3\u03ba\u03b5\u03c5\u03ae": [
        15,
        14,
        11,
        10,
        15,
        22,
        35,
        53,
        69,
        73,
        73,
        72,
        68,
        60,
        54,
        52,
        46,
        47,
        44,
        45,
        40,
        32,
        25,
        19
    ],
    "\u03a3\u03ac\u03b2\u03b2\u03b1\u03c4\u03bf": [
        18,
        13,
        11,
        15,
        18,
        25,
        27,
        38,
        52,
        64,
        75,
        78,
        73,
        65,
        50,
        45,
        40,
        46,
        43,
        37,
        30,
        25,
        25,
        24
    ]
}