{
    "\u0394\u03b5\u03c5\u03c4\u03ad\u03c1\u03b1": [
        0,
        0,
        0,
        0,
        0,
        0,
        0,
        0,
        0,
        25,
        43,
        56,
        62,
        58,
        51,
        47,
        48,
        52,
        55,
        50,
        34,
        0,
        0,
        0
    ],
    "\u03a4\u03c1\u03af\u03c4\u03b7": [
        0,
        0,
        0,
        0,
        0,
        0,
        0,
        0,
        0,
        27,
        48,
        66,
        73,
        70,
        64,
        62,
        66,
        72,
        76,
        66,
        46,
        0,
        0,
        0
    ],
    "\u03a4\u03b5\u03c4\u03ac\u03c1\u03c4\u03b7": [
        0,
        0,
        0,
        0,
        0,
        0,
        0,
        0,
        0,
        22,
        36,
        47,
        52,
        48,
        43,
        39,
        40,
        45,
        48,
        43,
        29,
        0,
        0,
        0
    ],
    "\u03a0\u03ad\u03bc\u03c0\u03c4\u03b7": [
        0,
        0,
        0,
        0,
        0,
        0,
        0,
        0,
        0,
        21,
        36,
        48,
        51,
        46,
        41,
        39,
        45,
        57,
        67,
        65,
        48,
        0,
        0,
        0
    ],
    "\u03a0\u03b1\u03c1\u03b1\u03c3\u03ba\u03b5\u03c5\u03ae": [
        0,
        0,
        0,
        0,
        0,
        0,
        0,
        0,
        0,
        33,
        55,
        73,
        80,
        77,
        71,
        69,
        74,
        86,
        94,
        88,
        64,
        0,
        0,
        0
    ],
    "\u03a3\u03ac\u03b2\u03b2\u03b1\u03c4\u03bf": [
        0,
        0,
        0,
        0,
        0,
        0,
        0,
        0,
        0,
        24,
        48,
        76,
        96,
        100,
        89,
        75,
        66,
        61,
        52,
        37,
        0,
        0,
        0,
        0
    ]
}